reintermediate viral e-commerce,posuere cubilia curae nulla dapibus dolor vel est donec odio justo sollicitudin ut suscipit a feugiat et eros vestibulum ac,10:09,14:57,2020-02-29
brand e-business relationships,velit id pretium iaculis diam erat fermentum justo nec condimentum neque sapien placerat ante nulla justo aliquam quis,6:00,15:42,2020-04-27
maximize customized communities,pede posuere nonummy integer non velit donec diam neque vestibulum eget vulputate ut ultrices vel augue vestibulum ante ipsum,7:12,14:09,2020-03-17
whiteboard world-class web services,nisl nunc rhoncus dui vel sem sed sagittis nam congue risus semper porta volutpat quam pede lobortis ligula sit,10:46,12:09,2019-11-07
disintermediate robust supply-chains,duis mattis egestas metus aenean fermentum donec ut mauris eget massa tempor convallis nulla neque libero convallis,6:32,22:09,2019-09-26
incubate B2B models,urna pretium nisl ut volutpat sapien arcu sed augue aliquam erat volutpat in congue etiam justo etiam pretium iaculis justo,8:51,13:38,2019-06-10
productize one-to-one interfaces,mi nulla ac enim in tempor turpis nec euismod scelerisque quam turpis adipiscing lorem vitae mattis nibh ligula nec sem,0:02,13:16,2020-04-23
maximize compelling ROI,lacinia eget tincidunt eget tempus vel pede morbi porttitor lorem id ligula suspendisse ornare consequat lectus in est,5:41,23:58,2019-08-19
strategize 24/7 niches,ullamcorper augue a suscipit nulla elit ac nulla sed vel enim sit amet nunc viverra dapibus nulla,10:39,14:34,2019-10-18
enable next-generation web services,nonummy integer non velit donec diam neque vestibulum eget vulputate ut ultrices vel augue vestibulum ante,1:06,13:04,2019-06-29
reintermediate magnetic ROI,nibh quisque id justo sit amet sapien dignissim vestibulum vestibulum ante ipsum primis in faucibus,0:44,19:32,2020-01-14
streamline web-enabled e-business,nibh in hac habitasse platea dictumst aliquam augue quam sollicitudin vitae consectetuer eget rutrum at lorem integer,8:54,14:41,2020-02-28
generate front-end mindshare,pede libero quis orci nullam molestie nibh in lectus pellentesque at nulla suspendisse potenti cras in purus,7:05,20:33,2020-04-15
enable extensible channels,quam sapien varius ut blandit non interdum in ante vestibulum ante ipsum primis in faucibus orci luctus et ultrices,11:55,19:37,2019-08-19
generate real-time ROI,hac habitasse platea dictumst etiam faucibus cursus urna ut tellus nulla ut erat id mauris,8:54,14:10,2019-09-09
deploy value-added eyeballs,maecenas leo odio condimentum id luctus nec molestie sed justo pellentesque viverra pede ac diam cras pellentesque volutpat,6:27,13:17,2020-04-07
brand global e-commerce,aliquet maecenas leo odio condimentum id luctus nec molestie sed justo pellentesque viverra pede ac diam cras,2:20,15:06,2019-09-10
drive granular architectures,nisi venenatis tristique fusce congue diam id ornare imperdiet sapien urna pretium nisl ut volutpat sapien arcu sed augue,3:18,13:12,2020-02-08
orchestrate real-time networks,at nibh in hac habitasse platea dictumst aliquam augue quam sollicitudin vitae consectetuer eget rutrum at lorem,9:33,14:57,2019-10-28
cultivate sexy relationships,vel enim sit amet nunc viverra dapibus nulla suscipit ligula in lacus curabitur at ipsum,5:48,13:49,2019-06-03
productize transparent bandwidth,odio elementum eu interdum eu tincidunt in leo maecenas pulvinar lobortis est phasellus sit amet erat nulla tempus,3:17,16:58,2019-07-02
optimize out-of-the-box architectures,magna vulputate luctus cum sociis natoque penatibus et magnis dis parturient montes nascetur ridiculus mus vivamus vestibulum,8:42,18:00,2020-03-11
transition collaborative technologies,phasellus id sapien in sapien iaculis congue vivamus metus arcu adipiscing molestie hendrerit at vulputate vitae nisl aenean lectus,6:00,13:40,2020-02-10
mesh turn-key users,nulla ut erat id mauris vulputate elementum nullam varius nulla facilisi cras non velit nec,2:51,12:13,2019-06-08
mesh rich schemas,in magna bibendum imperdiet nullam orci pede venenatis non sodales sed tincidunt eu felis fusce,3:06,13:31,2020-02-18
exploit 24/7 technologies,placerat praesent blandit nam nulla integer pede justo lacinia eget tincidunt eget tempus vel pede,3:38,23:33,2020-02-01
iterate strategic systems,blandit ultrices enim lorem ipsum dolor sit amet consectetuer adipiscing elit proin interdum mauris non ligula pellentesque ultrices phasellus,9:02,15:45,2020-05-14
benchmark 24/7 relationships,in ante vestibulum ante ipsum primis in faucibus orci luctus et ultrices posuere cubilia curae duis faucibus accumsan odio,5:48,19:30,2019-06-06
integrate granular e-markets,viverra eget congue eget semper rutrum nulla nunc purus phasellus in felis donec semper sapien a libero nam,1:48,21:30,2019-05-27
deliver e-business synergies,morbi vestibulum velit id pretium iaculis diam erat fermentum justo nec condimentum neque sapien placerat ante nulla justo aliquam quis,11:47,22:31,2020-02-16
expedite proactive eyeballs,elit proin risus praesent lectus vestibulum quam sapien varius ut blandit non interdum in ante vestibulum ante ipsum primis,6:28,17:05,2019-06-01
implement enterprise communities,duis bibendum morbi non quam nec dui luctus rutrum nulla tellus in sagittis dui vel nisl duis,9:04,16:42,2019-12-25
repurpose front-end metrics,massa id lobortis convallis tortor risus dapibus augue vel accumsan tellus nisi eu orci mauris,8:48,13:44,2019-12-13
visualize wireless communities,nulla facilisi cras non velit nec nisi vulputate nonummy maecenas tincidunt lacus at velit vivamus vel nulla eget eros,5:16,23:41,2020-05-20
embrace compelling markets,sem sed sagittis nam congue risus semper porta volutpat quam pede lobortis ligula sit amet eleifend,0:04,18:33,2019-08-02
engage visionary bandwidth,ac nulla sed vel enim sit amet nunc viverra dapibus nulla suscipit ligula in lacus curabitur at ipsum,4:53,22:12,2019-07-30
embrace scalable deliverables,justo nec condimentum neque sapien placerat ante nulla justo aliquam quis turpis eget elit sodales scelerisque mauris sit amet eros,11:08,18:47,2020-05-07
scale integrated e-business,felis eu sapien cursus vestibulum proin eu mi nulla ac enim in tempor turpis nec euismod,2:43,22:37,2019-12-28
integrate viral infomediaries,ligula pellentesque ultrices phasellus id sapien in sapien iaculis congue vivamus metus arcu adipiscing molestie hendrerit at,2:52,13:52,2020-02-20
mesh front-end mindshare,vivamus tortor duis mattis egestas metus aenean fermentum donec ut mauris eget massa tempor convallis nulla neque libero convallis,5:12,22:22,2020-05-18
synthesize seamless models,odio cras mi pede malesuada in imperdiet et commodo vulputate justo in blandit ultrices enim lorem ipsum,2:06,18:34,2020-02-20
whiteboard ubiquitous niches,praesent blandit lacinia erat vestibulum sed magna at nunc commodo placerat praesent blandit nam nulla integer,0:15,18:06,2019-09-11
visualize turn-key relationships,ut massa volutpat convallis morbi odio odio elementum eu interdum eu tincidunt in leo maecenas pulvinar,11:01,19:11,2020-04-12
revolutionize best-of-breed metrics,felis donec semper sapien a libero nam dui proin leo odio porttitor id consequat in consequat,4:36,18:17,2019-09-05
leverage cutting-edge systems,vel ipsum praesent blandit lacinia erat vestibulum sed magna at nunc commodo placerat praesent blandit nam nulla integer pede justo,5:34,14:56,2019-09-09
scale front-end bandwidth,aenean auctor gravida sem praesent id massa id nisl venenatis lacinia aenean sit amet justo morbi ut odio cras mi,1:45,22:29,2020-04-21
evolve one-to-one architectures,felis eu sapien cursus vestibulum proin eu mi nulla ac enim in tempor turpis nec euismod,6:00,13:53,2020-02-02
engage holistic eyeballs,in hac habitasse platea dictumst aliquam augue quam sollicitudin vitae consectetuer eget rutrum at lorem,1:44,12:54,2020-02-28
disintermediate extensible e-tailers,eu tincidunt in leo maecenas pulvinar lobortis est phasellus sit amet erat nulla tempus vivamus in,7:58,16:10,2020-04-11
disintermediate out-of-the-box action-items,volutpat erat quisque erat eros viverra eget congue eget semper rutrum nulla nunc purus phasellus in,6:52,13:18,2019-08-27
deploy out-of-the-box vortals,mauris eget massa tempor convallis nulla neque libero convallis eget eleifend luctus ultricies eu nibh quisque id,0:08,14:51,2019-09-13
disintermediate holistic web-readiness,integer ac neque duis bibendum morbi non quam nec dui luctus rutrum nulla tellus in sagittis dui vel,1:31,15:53,2020-02-28
deploy plug-and-play partnerships,auctor sed tristique in tempus sit amet sem fusce consequat nulla nisl nunc nisl duis bibendum felis sed interdum,2:39,18:29,2019-10-06
seize open-source channels,sit amet sem fusce consequat nulla nisl nunc nisl duis bibendum felis sed interdum venenatis turpis enim,1:17,14:37,2019-09-09
visualize virtual initiatives,nullam molestie nibh in lectus pellentesque at nulla suspendisse potenti cras in purus eu magna,11:43,18:26,2020-02-01
benchmark best-of-breed convergence,adipiscing lorem vitae mattis nibh ligula nec sem duis aliquam convallis nunc proin at turpis a pede,0:21,18:05,2019-08-05
leverage killer relationships,erat quisque erat eros viverra eget congue eget semper rutrum nulla nunc purus phasellus in felis,5:24,23:08,2019-09-09
drive global vortals,duis at velit eu est congue elementum in hac habitasse platea dictumst morbi vestibulum velit id pretium iaculis diam erat,3:54,17:19,2019-08-27
grow enterprise e-tailers,etiam vel augue vestibulum rutrum rutrum neque aenean auctor gravida sem praesent id massa id nisl,8:55,21:39,2020-04-07
facilitate cross-platform infomediaries,rhoncus dui vel sem sed sagittis nam congue risus semper porta volutpat quam pede lobortis ligula sit amet,7:49,18:24,2019-10-22
enhance synergistic e-markets,rutrum rutrum neque aenean auctor gravida sem praesent id massa id nisl venenatis lacinia aenean sit amet justo morbi,4:42,18:53,2019-11-19
syndicate integrated synergies,nec dui luctus rutrum nulla tellus in sagittis dui vel nisl duis ac nibh fusce lacus purus aliquet,9:36,22:10,2019-08-30
syndicate collaborative mindshare,tristique est et tempus semper est quam pharetra magna ac consequat metus sapien ut nunc,1:17,20:19,2019-12-07
scale cross-media vortals,rutrum nulla tellus in sagittis dui vel nisl duis ac nibh fusce lacus purus aliquet at,2:14,20:37,2020-04-12
exploit magnetic methodologies,vitae mattis nibh ligula nec sem duis aliquam convallis nunc proin at turpis a pede,2:48,23:51,2020-02-24
transition synergistic content,dictumst maecenas ut massa quis augue luctus tincidunt nulla mollis molestie lorem quisque ut erat curabitur,5:52,23:44,2019-09-04
cultivate dynamic e-markets,accumsan tortor quis turpis sed ante vivamus tortor duis mattis egestas metus aenean fermentum donec ut mauris eget massa tempor,1:54,21:23,2020-03-25
productize out-of-the-box initiatives,tristique fusce congue diam id ornare imperdiet sapien urna pretium nisl ut volutpat sapien arcu sed augue aliquam,9:58,18:24,2019-07-18
integrate magnetic architectures,cum sociis natoque penatibus et magnis dis parturient montes nascetur ridiculus mus etiam vel augue vestibulum rutrum,9:15,12:04,2020-03-12
transition impactful paradigms,eget tempus vel pede morbi porttitor lorem id ligula suspendisse ornare consequat lectus in est,8:16,22:11,2020-03-11
monetize mission-critical schemas,integer tincidunt ante vel ipsum praesent blandit lacinia erat vestibulum sed magna at nunc commodo placerat praesent blandit nam nulla,10:27,18:08,2019-11-30
repurpose leading-edge schemas,erat volutpat in congue etiam justo etiam pretium iaculis justo in hac habitasse platea dictumst,2:21,16:23,2019-06-06
morph clicks-and-mortar e-services,in faucibus orci luctus et ultrices posuere cubilia curae mauris viverra diam vitae quam suspendisse potenti nullam porttitor lacus,0:26,18:37,2020-01-02
orchestrate granular metrics,suspendisse potenti in eleifend quam a odio in hac habitasse platea dictumst maecenas ut massa,10:59,12:14,2019-12-29
target strategic niches,duis mattis egestas metus aenean fermentum donec ut mauris eget massa tempor convallis nulla neque libero convallis,6:32,22:53,2019-10-14
recontextualize wireless action-items,luctus et ultrices posuere cubilia curae mauris viverra diam vitae quam suspendisse potenti nullam porttitor lacus,11:51,17:23,2019-10-16
reintermediate clicks-and-mortar content,integer ac neque duis bibendum morbi non quam nec dui luctus rutrum nulla tellus in sagittis dui vel nisl duis,8:34,19:51,2020-03-02
deliver cross-media synergies,duis mattis egestas metus aenean fermentum donec ut mauris eget massa tempor convallis nulla neque,1:17,17:13,2019-05-30
iterate value-added supply-chains,duis bibendum felis sed interdum venenatis turpis enim blandit mi in porttitor pede justo eu massa,6:41,15:13,2020-05-09
facilitate wireless vortals,nulla neque libero convallis eget eleifend luctus ultricies eu nibh quisque id justo sit amet sapien dignissim,9:54,13:43,2020-02-28
recontextualize efficient interfaces,in hac habitasse platea dictumst etiam faucibus cursus urna ut tellus nulla ut erat id mauris,5:31,22:04,2020-01-31
reinvent collaborative partnerships,aliquam convallis nunc proin at turpis a pede posuere nonummy integer non velit donec diam neque,8:12,20:45,2020-01-27
strategize mission-critical convergence,id turpis integer aliquet massa id lobortis convallis tortor risus dapibus augue vel accumsan tellus nisi,0:25,23:51,2019-06-13
extend front-end solutions,magna vestibulum aliquet ultrices erat tortor sollicitudin mi sit amet lobortis sapien sapien non mi,5:33,15:51,2019-06-20
reinvent extensible mindshare,id consequat in consequat ut nulla sed accumsan felis ut at dolor quis odio consequat varius,7:29,22:26,2019-06-06
embrace strategic experiences,hac habitasse platea dictumst aliquam augue quam sollicitudin vitae consectetuer eget rutrum at lorem integer tincidunt,2:47,17:31,2019-06-27
matrix revolutionary paradigms,consectetuer adipiscing elit proin risus praesent lectus vestibulum quam sapien varius ut blandit non interdum in ante vestibulum ante,2:54,20:09,2019-06-10
incubate impactful niches,ultrices posuere cubilia curae mauris viverra diam vitae quam suspendisse potenti nullam porttitor lacus at,2:38,16:18,2019-08-27
unleash world-class mindshare,eu nibh quisque id justo sit amet sapien dignissim vestibulum vestibulum ante ipsum primis in faucibus orci luctus,7:05,15:56,2019-12-08
recontextualize magnetic schemas,a odio in hac habitasse platea dictumst maecenas ut massa quis augue luctus tincidunt nulla mollis molestie lorem quisque,0:22,17:00,2020-04-07
transition B2C bandwidth,iaculis justo in hac habitasse platea dictumst etiam faucibus cursus urna ut tellus nulla ut erat id,11:19,15:00,2020-02-03
whiteboard integrated portals,at turpis a pede posuere nonummy integer non velit donec diam neque vestibulum eget vulputate ut ultrices,11:23,22:30,2019-11-12
enable innovative synergies,sed ante vivamus tortor duis mattis egestas metus aenean fermentum donec ut mauris eget massa tempor convallis nulla,9:47,21:37,2020-01-06
engineer enterprise methodologies,augue quam sollicitudin vitae consectetuer eget rutrum at lorem integer tincidunt ante vel ipsum praesent blandit lacinia erat,6:34,14:22,2019-11-28
utilize intuitive e-markets,orci luctus et ultrices posuere cubilia curae mauris viverra diam vitae quam suspendisse potenti nullam porttitor lacus at turpis,10:51,18:32,2020-03-10
whiteboard sticky supply-chains,leo odio porttitor id consequat in consequat ut nulla sed accumsan felis ut at dolor quis odio consequat varius,8:32,23:30,2020-03-14
revolutionize back-end vortals,metus aenean fermentum donec ut mauris eget massa tempor convallis nulla neque libero convallis eget eleifend luctus,0:33,20:43,2020-02-17
innovate dot-com experiences,fusce consequat nulla nisl nunc nisl duis bibendum felis sed interdum venenatis turpis enim blandit mi in porttitor pede,6:04,12:14,2020-04-05
streamline killer metrics,nulla tempus vivamus in felis eu sapien cursus vestibulum proin eu mi nulla ac enim,10:38,21:44,2019-11-24
revolutionize next-generation action-items,amet diam in magna bibendum imperdiet nullam orci pede venenatis non sodales sed tincidunt eu felis fusce posuere felis sed,2:05,20:12,2019-06-13
grow synergistic action-items,rhoncus dui vel sem sed sagittis nam congue risus semper porta volutpat quam pede lobortis,7:12,16:38,2020-02-10
redefine revolutionary models,et magnis dis parturient montes nascetur ridiculus mus etiam vel augue vestibulum rutrum rutrum neque aenean,9:27,14:46,2019-12-18
architect web-enabled platforms,augue a suscipit nulla elit ac nulla sed vel enim sit amet nunc viverra dapibus nulla suscipit ligula in lacus,10:50,19:22,2020-05-20
integrate leading-edge e-commerce,pellentesque volutpat dui maecenas tristique est et tempus semper est quam pharetra magna ac consequat,9:40,21:19,2019-06-09
streamline frictionless architectures,ligula pellentesque ultrices phasellus id sapien in sapien iaculis congue vivamus metus arcu adipiscing molestie hendrerit,9:38,18:31,2019-07-02
streamline integrated functionalities,nisl duis ac nibh fusce lacus purus aliquet at feugiat non pretium quis lectus suspendisse potenti in eleifend,10:48,13:53,2020-02-19
streamline impactful eyeballs,donec semper sapien a libero nam dui proin leo odio porttitor id consequat in consequat ut nulla sed accumsan felis,4:05,14:34,2020-03-27
repurpose plug-and-play relationships,tortor id nulla ultrices aliquet maecenas leo odio condimentum id luctus nec molestie sed justo pellentesque viverra pede ac,8:57,21:13,2020-02-16
innovate vertical communities,pretium iaculis justo in hac habitasse platea dictumst etiam faucibus cursus urna ut tellus nulla ut,5:59,12:04,2019-11-01
reinvent viral synergies,consectetuer eget rutrum at lorem integer tincidunt ante vel ipsum praesent blandit lacinia erat vestibulum sed magna at nunc commodo,11:07,15:08,2019-09-13
synergize mission-critical niches,fringilla rhoncus mauris enim leo rhoncus sed vestibulum sit amet cursus id turpis integer aliquet massa id lobortis convallis,7:42,16:33,2019-11-17
engage magnetic communities,ac nibh fusce lacus purus aliquet at feugiat non pretium quis lectus suspendisse potenti in eleifend quam a odio,1:52,12:55,2019-09-03
mesh sticky systems,ipsum primis in faucibus orci luctus et ultrices posuere cubilia curae nulla dapibus dolor vel est donec odio,6:54,12:40,2020-05-22
empower turn-key relationships,porttitor id consequat in consequat ut nulla sed accumsan felis ut at dolor quis odio,11:15,20:07,2019-06-03
mesh plug-and-play functionalities,ultrices aliquet maecenas leo odio condimentum id luctus nec molestie sed justo pellentesque viverra pede ac diam cras pellentesque,5:28,18:56,2020-03-02
productize sexy platforms,nec nisi vulputate nonummy maecenas tincidunt lacus at velit vivamus vel nulla eget eros elementum pellentesque quisque porta volutpat erat,10:54,21:13,2019-10-10
architect value-added experiences,odio in hac habitasse platea dictumst maecenas ut massa quis augue luctus tincidunt nulla mollis molestie lorem quisque,5:37,14:41,2020-05-13
extend global architectures,orci luctus et ultrices posuere cubilia curae donec pharetra magna vestibulum aliquet ultrices erat tortor,4:12,20:21,2019-06-23
cultivate vertical initiatives,donec ut dolor morbi vel lectus in quam fringilla rhoncus mauris enim leo rhoncus sed vestibulum,9:32,17:21,2019-07-19
recontextualize extensible e-services,pellentesque eget nunc donec quis orci eget orci vehicula condimentum curabitur in libero ut massa volutpat convallis,9:56,15:53,2020-01-14
revolutionize collaborative schemas,ante ipsum primis in faucibus orci luctus et ultrices posuere cubilia curae donec pharetra magna vestibulum aliquet ultrices,4:45,12:17,2020-05-08
redefine granular web-readiness,dui luctus rutrum nulla tellus in sagittis dui vel nisl duis ac nibh fusce lacus purus aliquet,7:21,14:57,2019-07-25
generate distributed content,purus eu magna vulputate luctus cum sociis natoque penatibus et magnis dis parturient montes nascetur,6:08,23:26,2020-02-01
engage distributed initiatives,amet turpis elementum ligula vehicula consequat morbi a ipsum integer a nibh in quis justo maecenas rhoncus,2:47,21:37,2019-10-29
disintermediate interactive e-markets,lacus at turpis donec posuere metus vitae ipsum aliquam non mauris morbi non lectus aliquam sit amet diam in magna,6:34,21:44,2019-09-21
matrix visionary functionalities,non pretium quis lectus suspendisse potenti in eleifend quam a odio in hac habitasse platea,0:16,20:09,2020-01-29
expedite impactful communities,luctus et ultrices posuere cubilia curae mauris viverra diam vitae quam suspendisse potenti nullam porttitor lacus at turpis donec,4:05,13:40,2019-06-27
facilitate front-end architectures,praesent lectus vestibulum quam sapien varius ut blandit non interdum in ante vestibulum ante ipsum primis in faucibus,8:59,19:26,2019-10-08
synthesize cutting-edge platforms,risus auctor sed tristique in tempus sit amet sem fusce consequat nulla nisl nunc nisl duis bibendum felis sed interdum,2:27,16:57,2019-11-26
incubate leading-edge architectures,cursus id turpis integer aliquet massa id lobortis convallis tortor risus dapibus augue vel accumsan tellus,0:50,23:00,2019-06-04
expedite turn-key infomediaries,congue diam id ornare imperdiet sapien urna pretium nisl ut volutpat sapien arcu sed augue aliquam,9:32,23:49,2020-02-03
maximize next-generation e-business,luctus cum sociis natoque penatibus et magnis dis parturient montes nascetur ridiculus mus vivamus vestibulum sagittis sapien cum,8:44,19:44,2020-04-20
recontextualize plug-and-play paradigms,amet consectetuer adipiscing elit proin risus praesent lectus vestibulum quam sapien varius ut blandit non interdum in,10:09,22:35,2019-10-31
orchestrate customized deliverables,nullam porttitor lacus at turpis donec posuere metus vitae ipsum aliquam non mauris morbi non lectus aliquam sit,1:44,20:24,2020-03-28
enhance open-source infomediaries,ipsum aliquam non mauris morbi non lectus aliquam sit amet diam in magna bibendum imperdiet nullam orci pede,8:42,20:40,2019-11-16
exploit cutting-edge architectures,est risus auctor sed tristique in tempus sit amet sem fusce consequat nulla nisl nunc nisl,0:20,23:13,2019-12-03
e-enable seamless technologies,aliquet at feugiat non pretium quis lectus suspendisse potenti in eleifend quam a odio in hac habitasse,8:25,21:28,2019-11-23
redefine sticky solutions,justo maecenas rhoncus aliquam lacus morbi quis tortor id nulla ultrices aliquet maecenas leo odio condimentum id,9:12,12:24,2019-11-03
architect cutting-edge functionalities,pellentesque ultrices mattis odio donec vitae nisi nam ultrices libero non mattis pulvinar nulla pede ullamcorper augue a suscipit nulla,1:49,14:28,2019-10-11
brand strategic e-services,pede posuere nonummy integer non velit donec diam neque vestibulum eget vulputate ut ultrices vel augue vestibulum ante ipsum,9:05,16:34,2019-08-29
streamline efficient architectures,curae nulla dapibus dolor vel est donec odio justo sollicitudin ut suscipit a feugiat et eros vestibulum ac est,10:27,12:32,2020-02-12
aggregate visionary web services,nulla mollis molestie lorem quisque ut erat curabitur gravida nisi at nibh in hac habitasse platea dictumst aliquam augue,2:13,12:34,2019-09-24
engineer virtual action-items,rhoncus aliquet pulvinar sed nisl nunc rhoncus dui vel sem sed sagittis nam congue risus semper porta,9:36,19:33,2019-12-26
benchmark bleeding-edge channels,ultrices posuere cubilia curae mauris viverra diam vitae quam suspendisse potenti nullam porttitor lacus at,3:04,21:11,2019-10-11
strategize innovative supply-chains,vitae nisl aenean lectus pellentesque eget nunc donec quis orci eget orci vehicula condimentum curabitur in libero,2:19,22:45,2019-10-30
cultivate best-of-breed models,erat id mauris vulputate elementum nullam varius nulla facilisi cras non velit nec nisi vulputate nonummy,1:57,13:38,2019-08-06
seize B2C deliverables,in eleifend quam a odio in hac habitasse platea dictumst maecenas ut massa quis augue luctus tincidunt,5:46,23:53,2019-12-27
drive cutting-edge schemas,pede justo eu massa donec dapibus duis at velit eu est congue elementum in hac habitasse platea dictumst,0:44,12:04,2019-06-02
reinvent end-to-end e-business,vestibulum ante ipsum primis in faucibus orci luctus et ultrices posuere cubilia curae nulla dapibus dolor vel est donec,11:42,19:59,2019-07-17
incubate dynamic synergies,semper sapien a libero nam dui proin leo odio porttitor id consequat in consequat ut nulla,3:57,23:17,2019-11-23
morph distributed convergence,nec euismod scelerisque quam turpis adipiscing lorem vitae mattis nibh ligula nec sem duis aliquam convallis nunc proin at,6:03,21:20,2020-03-01
synergize frictionless systems,turpis sed ante vivamus tortor duis mattis egestas metus aenean fermentum donec ut mauris eget,5:28,18:05,2019-08-01
iterate scalable interfaces,nisl nunc rhoncus dui vel sem sed sagittis nam congue risus semper porta volutpat quam pede lobortis ligula sit amet,2:15,20:49,2019-07-17
revolutionize transparent models,justo in blandit ultrices enim lorem ipsum dolor sit amet consectetuer adipiscing elit proin interdum mauris non ligula pellentesque,9:28,23:29,2019-06-01
harness revolutionary networks,amet eleifend pede libero quis orci nullam molestie nibh in lectus pellentesque at nulla suspendisse potenti cras in,2:18,14:16,2020-05-15
expedite front-end functionalities,condimentum neque sapien placerat ante nulla justo aliquam quis turpis eget elit sodales scelerisque mauris sit amet eros,2:55,17:31,2020-02-12
orchestrate sticky infomediaries,neque aenean auctor gravida sem praesent id massa id nisl venenatis lacinia aenean sit amet justo morbi,4:50,21:08,2019-07-25
revolutionize granular paradigms,consequat in consequat ut nulla sed accumsan felis ut at dolor quis odio consequat varius integer ac leo,11:24,19:38,2019-10-30
maximize impactful channels,odio porttitor id consequat in consequat ut nulla sed accumsan felis ut at dolor quis odio consequat varius integer,3:39,12:11,2019-11-09
facilitate seamless methodologies,purus phasellus in felis donec semper sapien a libero nam dui proin leo odio porttitor id consequat in,1:15,18:31,2019-11-30
drive bleeding-edge supply-chains,odio cras mi pede malesuada in imperdiet et commodo vulputate justo in blandit ultrices enim lorem ipsum dolor sit,0:33,23:43,2019-10-19
engineer distributed systems,tellus nulla ut erat id mauris vulputate elementum nullam varius nulla facilisi cras non velit nec nisi vulputate nonummy maecenas,7:23,18:54,2019-07-02
leverage next-generation platforms,cras non velit nec nisi vulputate nonummy maecenas tincidunt lacus at velit vivamus vel nulla eget eros elementum pellentesque,4:35,18:42,2020-03-10
morph mission-critical synergies,sapien non mi integer ac neque duis bibendum morbi non quam nec dui luctus rutrum nulla tellus in sagittis,8:04,12:30,2020-03-02
innovate best-of-breed interfaces,pharetra magna ac consequat metus sapien ut nunc vestibulum ante ipsum primis in faucibus orci luctus et ultrices posuere cubilia,5:00,17:24,2020-03-12
engage wireless architectures,convallis eget eleifend luctus ultricies eu nibh quisque id justo sit amet sapien dignissim vestibulum,10:00,19:11,2019-11-05
productize intuitive methodologies,volutpat in congue etiam justo etiam pretium iaculis justo in hac habitasse platea dictumst etiam faucibus cursus urna ut,2:25,16:44,2020-01-16
grow magnetic bandwidth,sit amet justo morbi ut odio cras mi pede malesuada in imperdiet et commodo vulputate justo,2:59,14:34,2019-11-03
deploy strategic metrics,curabitur gravida nisi at nibh in hac habitasse platea dictumst aliquam augue quam sollicitudin vitae consectetuer eget rutrum at,7:14,14:12,2019-08-19
mesh clicks-and-mortar partnerships,etiam pretium iaculis justo in hac habitasse platea dictumst etiam faucibus cursus urna ut tellus nulla ut,10:10,16:01,2019-09-01
seize bricks-and-clicks synergies,platea dictumst maecenas ut massa quis augue luctus tincidunt nulla mollis molestie lorem quisque ut erat curabitur,2:08,20:13,2020-03-08
empower killer partnerships,vivamus metus arcu adipiscing molestie hendrerit at vulputate vitae nisl aenean lectus pellentesque eget nunc,9:11,14:05,2020-02-25
aggregate wireless solutions,etiam pretium iaculis justo in hac habitasse platea dictumst etiam faucibus cursus urna ut tellus,1:54,16:46,2020-04-24
revolutionize bricks-and-clicks convergence,cum sociis natoque penatibus et magnis dis parturient montes nascetur ridiculus mus vivamus vestibulum sagittis sapien cum sociis natoque,6:05,15:36,2020-04-05
engineer viral relationships,ultrices posuere cubilia curae donec pharetra magna vestibulum aliquet ultrices erat tortor sollicitudin mi sit amet lobortis sapien sapien non,8:17,19:21,2019-06-05
cultivate value-added platforms,at turpis a pede posuere nonummy integer non velit donec diam neque vestibulum eget vulputate ut ultrices,7:13,15:26,2019-10-27
matrix viral methodologies,elit proin interdum mauris non ligula pellentesque ultrices phasellus id sapien in sapien iaculis congue vivamus metus arcu adipiscing,2:40,17:32,2019-08-24
transition 24/7 markets,vestibulum sed magna at nunc commodo placerat praesent blandit nam nulla integer pede justo lacinia eget tincidunt,8:19,13:41,2019-12-03
redefine frictionless channels,libero quis orci nullam molestie nibh in lectus pellentesque at nulla suspendisse potenti cras in purus eu magna,11:02,15:01,2020-03-14
deploy killer schemas,vitae mattis nibh ligula nec sem duis aliquam convallis nunc proin at turpis a pede posuere nonummy integer non velit,1:33,21:36,2020-01-24
aggregate cross-media e-commerce,vestibulum sit amet cursus id turpis integer aliquet massa id lobortis convallis tortor risus dapibus augue,0:28,15:37,2019-06-25
syndicate clicks-and-mortar technologies,cursus urna ut tellus nulla ut erat id mauris vulputate elementum nullam varius nulla facilisi cras non,1:00,15:06,2019-10-12
morph wireless web-readiness,vivamus metus arcu adipiscing molestie hendrerit at vulputate vitae nisl aenean lectus pellentesque eget nunc,6:56,21:18,2019-10-15
reinvent bleeding-edge channels,cubilia curae duis faucibus accumsan odio curabitur convallis duis consequat dui nec nisi volutpat eleifend,2:25,22:55,2019-10-12
matrix one-to-one e-markets,ultrices enim lorem ipsum dolor sit amet consectetuer adipiscing elit proin interdum mauris non ligula pellentesque,7:05,21:39,2020-01-25
facilitate cutting-edge bandwidth,vel enim sit amet nunc viverra dapibus nulla suscipit ligula in lacus curabitur at ipsum,11:54,16:50,2019-06-08
disintermediate one-to-one technologies,vel nulla eget eros elementum pellentesque quisque porta volutpat erat quisque erat eros viverra eget congue eget semper,10:52,16:16,2019-06-22
drive leading-edge users,sapien iaculis congue vivamus metus arcu adipiscing molestie hendrerit at vulputate vitae nisl aenean lectus pellentesque eget nunc,9:16,12:51,2019-10-05
optimize vertical channels,blandit lacinia erat vestibulum sed magna at nunc commodo placerat praesent blandit nam nulla integer,8:12,17:01,2020-01-22
whiteboard frictionless relationships,turpis eget elit sodales scelerisque mauris sit amet eros suspendisse accumsan tortor quis turpis sed ante vivamus tortor duis,10:42,17:53,2019-11-06
mesh sticky e-services,posuere felis sed lacus morbi sem mauris laoreet ut rhoncus aliquet pulvinar sed nisl nunc rhoncus dui,0:10,15:19,2019-07-17
architect cross-media bandwidth,vestibulum vestibulum ante ipsum primis in faucibus orci luctus et ultrices posuere cubilia curae nulla dapibus dolor vel,1:48,15:51,2019-08-05
whiteboard B2B channels,turpis eget elit sodales scelerisque mauris sit amet eros suspendisse accumsan tortor quis turpis sed,4:31,15:05,2019-10-31
e-enable 24/365 e-business,maecenas tristique est et tempus semper est quam pharetra magna ac consequat metus sapien ut nunc vestibulum ante ipsum primis,5:31,15:47,2020-05-21
productize efficient e-tailers,rhoncus aliquam lacus morbi quis tortor id nulla ultrices aliquet maecenas leo odio condimentum id luctus nec molestie sed,10:13,22:01,2020-04-30
unleash innovative communities,donec vitae nisi nam ultrices libero non mattis pulvinar nulla pede ullamcorper augue a suscipit,11:02,21:16,2020-04-11
facilitate distributed ROI,mi integer ac neque duis bibendum morbi non quam nec dui luctus rutrum nulla tellus in,5:22,16:16,2019-06-24
synergize integrated applications,orci luctus et ultrices posuere cubilia curae duis faucibus accumsan odio curabitur convallis duis consequat dui nec nisi,3:04,17:30,2019-11-03
visualize integrated infrastructures,vulputate justo in blandit ultrices enim lorem ipsum dolor sit amet consectetuer adipiscing elit proin interdum mauris non ligula pellentesque,7:00,19:36,2020-05-04
incentivize distributed bandwidth,non sodales sed tincidunt eu felis fusce posuere felis sed lacus morbi sem mauris laoreet ut rhoncus aliquet,11:17,12:40,2020-01-04
