Otcom,Reactive static infrastructure
Kanlam,Open-source clear-thinking encryption
Voyatouch,Vision-oriented client-driven adapter
Overhold,Quality-focused dedicated artificial intelligence
Cardify,Team-oriented fault-tolerant workforce
Veribet,Universal zero defect initiative
Regrant,Networked grid-enabled matrix
Asoka,Polarised regional emulation
Pannier,Cloned discrete collaboration
Fixflex,Stand-alone zero administration contingency
Zoolab,Robust next generation matrix
Prodder,Synergistic interactive circuit
Trippledex,Robust full-range neural-net
Cardguard,Multi-lateral value-added access
Gembucket,Configurable client-driven leverage
Y-Solowarm,Exclusive executive secured line
Home Ing,Managed empowering intranet
Domainer,Optimized bi-directional collaboration
Tres-Zap,Fundamental composite matrices
Flowdesk,Optional dedicated website
Redhold,Mandatory motivating installation
Tin,Advanced well-modulated database
Holdlamis,Secured incremental workforce
Duobam,Horizontal bi-directional moratorium
Tresom,Multi-lateral web-enabled circuit
Rank,Balanced demand-driven policy
Bitwolf,Intuitive user-facing customer loyalty
Bitchip,Pre-emptive regional forecast
Lotstring,Enhanced fresh-thinking implementation
Ventosanzap,Organic eco-centric open system
It,Grass-roots incremental application
Mat Lam Tam,Balanced clear-thinking complexity
Matsoft,Secured human-resource intranet
Alphazap,Managed 24 hour migration
Zaam-Dox,Optional explicit system engine
Vagram,Implemented hybrid circuit
Treeflex,Sharable responsive data-warehouse
Namfix,Reactive zero defect portal
Voltsillam,Cross-group contextually-based encryption
Toughjoyfax,Proactive transitional support
Y-find,De-engineered heuristic firmware
Zathin,Exclusive methodical open system
Ronstring,Fully-configurable coherent array
Aerified,Inverse zero tolerance definition
Stronghold,Sharable well-modulated function
Lotlux,Enterprise-wide demand-driven hub
Sonair,Progressive next generation ability
Temp,Monitored static knowledge user
Stringtough,Ergonomic 3rd generation database
Hatity,Versatile 24 hour migration
Alpha,Optimized motivating benchmark
Viva,Enterprise-wide transitional concept
Bigtax,Fully-configurable non-volatile contingency
Tampflex,Polarised analyzing collaboration
Tempsoft,Cross-platform explicit infrastructure
Transcof,Proactive content-based firmware
Zamit,User-centric clear-thinking analyzer
Quo Lux,Secured multi-tasking info-mediaries
Flexidy,Function-based empowering middleware
Opela,Vision-oriented local superstructure
Keylex,Face to face dedicated strategy
Konklab,Diverse 4th generation instruction set
Wrapsafe,Open-architected even-keeled Graphic Interface
Sonsing,Up-sized actuating ability
Cookley,Advanced content-based protocol
Sub-Ex,Vision-oriented client-server focus group
Latlux,Reduced bifurcated moratorium
Zontrax,Fully-configurable full-range internet solution
Span,Reduced bottom-line benchmark
Bytecard,Fully-configurable eco-centric structure
Solarbreeze,Proactive grid-enabled middleware
Greenlam,Seamless logistical neural-net
Biodex,Open-source mobile array
Fix San,Adaptive tangible task-force
Andalax,Synergistic radical contingency
