Lynde,Jenteau,true
Conn,Flahive,true
Miof mela,Munby,true
Lotta,Winchurst,false
Chiquia,Balaam,false
Nerti,Ambridge,false
Titos,Caulket,false
Anestassia,Olenin,false
Lauralee,Everall,true
Cori,Perigoe,false
Hedvig,Frostdick,false
Theodora,Casillis,true
Frank,O'Gaven,false
Mervin,Coghill,false
Currie,Ranyelld,false
Todd,Jindrich,true
Modestine,Bloy,false
Allegra,Wheatcroft,true
Desi,Mapp,true
Gallagher,Empleton,false
Katalin,Southway,false
Blondell,Brownlea,false
Dalton,Byers,true
Damaris,Connechy,true
Gabrielle,Janes,false
Lou,Malamore,true
Marven,Fost,false
Blondy,Moughtin,false
Johnnie,Newarte,true
Caren,Lobbe,true
Kimberlee,Bowfin,false
Tisha,Brockley,true
Nikolai,Challender,true
Evelina,Berntssen,true
Marissa,Mardell,false
Jackie,Copperwaite,false
Leola,Kornyshev,true
Maryellen,Girardengo,false
Henri,Aristide,false
Luther,Eltune,false
Brian,Lailey,false
Debbi,McCullouch,false
Jaine,Kordes,false
Kristofer,Thorndycraft,false
Dunn,Kosiada,false
Laureen,Blaschek,true
Freida,Dodswell,true
Roma,Brim,false
Mile,Zuker,false
Shirlene,Coatman,false
Marcos,Galia,true
Randy,Snellman,false
Chrystel,Caseley,true
Delcina,Vayro,true
Maryanna,Wyvill,false
Michaella,Margerrison,false
Gaby,Gatherell,true
Baron,Busson,true
Cindy,Szapiro,true
Kincaid,Wilcockes,false
Erl,Ladds,true
Carlynne,Dorning,true
Noella,Reye,false
Rosemaria,McKenzie,false
Siward,Blazy,true
Vince,Broek,false
Decca,Stiebler,true
Euphemia,Scruton,false
Erasmus,Bottoner,false
Milissent,Stebbings,false
Tiena,Larmett,true
Millie,Grinyov,false
Danny,Peachman,true
Steffen,Soanes,false
Even,Lawly,false
Peyton,Pitkin,true
Thomasine,Beattie,false
Alexi,Montford,false
Laverne,O'Neal,true
Coleman,Castledine,false
Bella,Knyvett,false
Si,Gepson,true
Merrie,Yosevitz,false
Donella,Regglar,true
Willy,Wife,true
Jacqui,Straun,true
Jillene,Hirschmann,false
Emelina,Lambell,true
Viviene,Kopp,false
Teodor,Sherlock,false
Tania,Chaves,false
Gale,MacCaughen,true
Cora,Pepin,true
Hanson,Dounbare,true
Bendicty,Antonognoli,false
Eryn,Westgarth,false
Ingaberg,Derington,true
Andria,Venturoli,false
Otis,Greally,false
Jeramie,Juliano,false
Wallis,Heenan,true
Herculie,Christer,false
Gweneth,Abisetti,false
Cazzie,Mumby,false
Vyky,Castel,false
Georgianne,Rawlison,true
Ado,Gribbon,true
Lacey,Verrell,true
Rodney,Hablet,false
Chiarra,Freezor,true
Allayne,Cromwell,false
Herculie,Audibert,true
Charin,Topling,false
Aime,Hankey,true
Leanora,Kyncl,true
Gracie,Sircomb,true
Maegan,Caulcott,false
Nixie,Bellows,true
Anthe,Bownass,true
Tiler,Islip,true
Cordelia,Kennham,false
Domenic,Kierans,true
Hastie,Overal,false
Demetri,Tavernor,false
Benoite,Yeldham,true
Eva,Egar,false
Joycelin,Ghiroldi,true
Gray,Corneljes,true
Nanci,Lazenbury,true
Tisha,Hulles,false
Jervis,Garroway,false
Horatia,Clemson,true
Amii,Yaknov,false
Lynde,Bernholt,true
Elmira,Tilio,false
Harwilll,Schieferstein,true
Celina,Leet,true
Peri,Smith,true
Garold,Louden,true
Keene,Hankey,true
Jeffrey,McRinn,false
Caryn,Georg,false
Sibylla,Benettelli,false
Decca,Creane,false
Ulysses,Beels,true
Opaline,Organ,false
Shauna,Gerold,false
Randy,Eshmade,false
Ruthi,McCathie,true
Barnebas,Negri,false
Marie-jeanne,Rugg,true
Korrie,Primarolo,true
Riccardo,Tench,true
Seymour,Brandin,false
Cristie,Jakeman,true
Rozalin,Cotterel,false
Quintin,Arboine,true
Nannie,Tyres,true
Barthel,Le Blond,true
Marika,Riggs,true
Graig,Clampe,false
Sergio,Roll,true
Jonell,Cosser,true
Melisse,Lorden,true
Berkeley,Stuckford,true
Glennie,Windridge,false
Etty,Wilstead,false
Rubin,Castellan,false
Marlyn,Clee,false
Susi,Harverson,false
Sigrid,Rix,true
Gayle,Suart,false
Templeton,Vossgen,false
Evered,Douce,true
Gearalt,Harkin,true
Arnie,Forson,true
Dael,Carloni,false
Gladi,Burds,true
Aurthur,Greenhowe,true
Vernor,Abramzon,true
Lenette,Feldbrin,true
Dilly,Airds,false
Myca,Floyed,true
Barrett,Shaylor,false
Dagmar,Devin,false
Elijah,Fischer,true
Cal,Shewery,false
Chrysler,Pakenham,false
Brina,Saffell,true
Winne,Gubbin,false
Minor,Rudman,true
Arlene,Mendel,false
Janene,Riba,true
Patrizio,Weston,true
Vassili,Kennermann,true
Cecilio,Musker,false
Annelise,Mathe,true
Hedwiga,Bodiam,false
Stephenie,Dumbarton,true
Janeva,Hitchens,false
Anallise,Claffey,false
Cchaddie,McCorkindale,true
Janessa,Hoggan,true
Simone,Hodges,false
Wolfgang,Raffeorty,true
Jeremie,Heynel,true
Esther,Alyoshin,true
Sigfrid,Meaton,false
Alexandro,Attenbarrow,false
Jenny,Goodson,false
Florina,Marples,true
Rosamond,Tyreman,false
Jareb,Trustram,true
Dunn,Gammons,true
Aviva,Kliment,false
Fransisco,Minucci,true
Gillie,Chomiszewski,true
Thorpe,Eames,false
Electra,Rawnsley,false
Nevin,Glentz,true
Gian,Guerra,true
Flin,Gee,false
Hannis,Iddins,false
Aarika,Offiler,false
Ketti,Rigge,true
Ailbert,Poli,false
Dora,Cairney,true
Alden,Ropert,true
Leeland,Causley,false
Kali,Salvadore,true
Viv,Giblin,false
Terrence,Olivera,false
Jethro,Wagstaff,false
Sara,Stapleton,true
Katrina,Johanssen,true
Garnette,Betancourt,false
Tomlin,Cato,true
Innis,Moncreiffe,true
Cristionna,Lamburn,false
Retha,Dominka,false
Timmy,Loughney,false
Edy,Flay,true
Sheila-kathryn,O'Driscole,false
Debbi,Domleo,false
Marjy,Ruse,false
Josephine,Gorrie,true
Gabe,Wimsett,false
Giffy,Phinnis,false
Christalle,Popping,true
Dav,Northin,false
Evelin,Haresign,true
Grange,Alfonsini,true
Odey,Adriano,false
Avivah,Minnock,false
Koressa,Greenman,false
Roby,Roblin,false
Batsheva,Arunowicz,true
Binny,Reichelt,false
Erminie,Rivalland,true
Loraine,Whitlock,false
Morgan,Howland,true
Griffie,Fallow,true
Karrie,Bortolini,true
Leisha,Matthias,true
Tobey,Lerway,false
Terra,Trayton,false
Dyann,Chatwin,false
Blithe,Munson,false
Delainey,Verlinden,false
Erwin,Wegener,false
Cris,Trevaskis,false
Sophia,Swanton,true
Stearn,Milmoe,false
Levon,Shelmardine,false
Sharon,Coleby,true
Mata,Sawney,false
Lucius,Gumb,false
Tedmund,Ort,true
Helaina,Vorley,true
Lloyd,Tynan,true
Harlene,Kellegher,true
Rosetta,Sadler,false
Rafi,Prestage,true
Giffer,Berthon,false
Kalle,Cutriss,false
Shay,Sutheran,true
Jemima,Itzhayek,false
Aldwin,Peers,true
Fax,Domniney,true
Nikola,Plaster,true
Walton,Danat,false
Ezechiel,Askam,true
Ferguson,Crain,true
Edward,Woolfitt,false
Philis,Piaggia,true
Mirabel,McAndrew,true
Beverlee,Napoli,true
Norbie,Harmston,true
Nollie,Mingotti,false
Nikolia,Bedson,true
Karlan,Mockford,true
Carlin,Glidder,false
Wittie,Borkett,false
Tremain,Hallwell,false
Julio,Gladwish,true
Zitella,Slarke,false
Nonnah,Garlick,false
Kevina,Boules,true
Lethia,Lemasney,false
Nady,Jerrans,true
Lucais,Bienvenu,true
Hilario,Doutch,true
Elsey,Ubsdale,false
Benton,Penswick,true
Lou,Golley,true
Lane,Keysel,false
Porty,Legh,true
Herrick,Kain,false
Andi,Calam,true
Clyde,Sidary,true
Geri,Annand,true
Rainer,Seton,true
Thaddus,Farrington,false
Bernadine,Schulken,true
Marcel,Novkovic,false
Sunny,Rivaland,true
Delia,Dockree,false
Saul,Eykel,false
Waverly,Hehir,true
Doe,Phillipson,false
Murdock,Blurton,false
Ardath,Yakubovics,true
Kipp,Vigers,true
Rudolph,Poutress,false
Gawen,Willden,true
Genny,Tesyro,false
Kate,Liepina,false
Ade,Venneur,true
Brynn,FitzGeorge,false
Bobby,Havoc,false
Karen,Druitt,true
Odell,Di Maria,true
Sophia,Crepel,true
Rollie,Wilds,false
Zandra,Dominik,false
Jordanna,Stronough,false
Adelaide,Olensby,false
Noll,Peirpoint,true
Carole,Radenhurst,true
Genny,Longridge,false
Stacy,Mattys,true
Norbie,Hardcastle,true
Will,Ceaplen,false
Carlos,Irvine,true
Ronnica,Brooksbank,true
Glynda,Mityashev,true
Mar,Merry,true
Adelice,Thireau,false
Ingrim,Chitter,true
Alisha,Gainsburgh,false
Maurine,McGarvey,false
Kali,Eddies,true
Jo,Whorlow,true
Huey,Warbrick,true
Morlee,Woolvin,true
Lorri,Chattock,true
Dorolice,Fairbourne,true
Kevyn,Kinastan,false
Chrissie,Shier,true
Sisile,Orrobin,true
Carrie,Golding,true
Cosme,Matula,true
Frank,Southcoat,true
Erminie,Ferens,true
Weston,Brunroth,false
Harwell,Dudmarsh,false
Darrell,Gully,false
Albert,Boich,false
Anthony,Bachura,true
Elysia,Durrand,false
Tasha,Alloway,true
Viola,McGettrick,false
Jessa,Mattiato,false
Sully,Jurek,false
Mickie,Lomasney,false
Templeton,Hayland,true
Frazier,Merryweather,true
Marvin,Cressy,false
Giuditta,Scrivner,false
Paulo,Kilgrove,true
Adelbert,Welds,true
Pearle,Koppke,false
Kippar,Pengilly,true
Chaddy,Eddins,false
Arabella,Ottiwill,true
Judah,Malkie,false
Lani,Grafham,false
Clarine,Aiers,true
Morley,Shipman,false
Sidoney,Elcott,false
Wally,Galey,true
Ervin,Umney,false
Arlyn,Otteridge,true
Baird,Simoneau,false
Jacquelin,Mark,true
Gus,Cowgill,true
Rozalie,Le Borgne,true
George,Sheere,false
Ellary,Samett,false
Dun,Jefferd,true
Jacinta,Wedon,true
Audra,Redmire,true
Cletus,Abbatini,false
Brittani,Partlett,false
Devina,Ashbridge,false
Henri,Stonebridge,true
Alyda,Betho,true
Mylo,Duerdin,false
Paddy,Bloan,true
Cherianne,Jerdan,false
Byram,Saunper,true
Patricia,Pinchon,false
Paulita,Jime,false
Cart,Castella,true
Les,Millimoe,true
Merry,Hakonsen,false
Odie,Rawe,false
Julita,Buckles,false
Lelah,Tompkiss,false
Fabe,Leivers,true
Scottie,Hoonahan,true
Willabella,Bonny,false
Aleen,Dusting,false
Maxwell,Etches,false
Patrice,Vasiliev,true
Abey,Vannini,true
Seumas,Biaggioli,true
Jacintha,Brennand,false
Lian,Youngs,true
Karie,Drew,false
Roman,Caile,false
Megan,Matuszynski,false
Lilia,Fandrich,true
Tybi,Dellit,true
Lanie,Jarvie,false
Tomi,Pierro,true
Andeee,Guillart,true
Xylina,Caville,false
Alina,Kobieriecki,false
Rebe,Dach,false
Brion,Thorns,true
Jillane,Illem,false
Jasmine,McKibben,false
Armin,Dutch,false
Mortie,Casier,false
Udell,Thecham,true
Winslow,Aguirrezabala,true
Zonda,Arbuckle,false
Savina,Englishby,false
Gasparo,Gowers,false
Rolland,Vercruysse,true
Lazare,Littlepage,true
Gar,Spatarul,false
Xaviera,Mersey,false
Deb,Calan,false
Jaymee,Splain,true
Agnesse,Ferries,false
Florenza,Fritzer,true
Mara,Casterou,true
Israel,O'Glessane,false
Blinnie,Bonnette,false
Davy,Tummasutti,false
Alexia,Corrington,true
Arch,Belasco,false
Marji,Furminger,false
Thurstan,Karlsen,false
Martainn,Buxsy,false
Enrico,Aspinal,true
Ambrosi,Kisby,true
Dilly,Beri,true
Whitney,Ludwell,true
Lois,Elderidge,false
Lyssa,Radish,false
Denys,Vogeler,true
Nalani,von Grollmann,true
Dodie,Giacovelli,false
Marquita,McLeish,false
Hendrick,Kloisner,true
Ora,Livett,false
Sholom,Maltman,false
Mindy,Bissett,true
Lorena,Limon,false
Faydra,Getten,true
Blondy,Greenhow,false
Ernesto,Piele,false
Gilemette,Gallamore,true
Brianna,Jiri,false
Adina,Roiz,false
Nadya,Canape,false
Kevon,Hembery,true
Pooh,Itzchaky,true
Guthrey,MacCaull,false
Isidor,Cersey,true
Leontyne,Salmons,false
Leonelle,Goschalk,true
Marijo,Sellor,true
Domini,Raisher,true
Anneliese,Fillimore,false
Retha,Permain,false
Lay,Culpen,true
Umberto,Derrington,true
Catherin,Pittaway,true
Chip,Stove,false
Jaquenetta,Woolard,true
Aldo,Pryde,false
Clo,Olechnowicz,false
Wanids,Beavon,false
Dane,Hegges,false
Ramona,Beyer,true
Silvia,Espina,true
Vassily,Davenhall,false
Nobe,Burger,true
Sasha,Hamsher,true
Dom,Denington,true
Nelli,Wisedale,false
Akim,Rahill,true
Babb,Dowyer,false
Almire,Marsie,false
Alysa,Verrills,false
Hastie,Scurrell,false
Monro,Willmer,false
Madlen,McLucas,true
Lloyd,Mixture,false
Kendricks,Cork,true
Heida,Godby,true
Murvyn,Finlason,false
Rozanne,Aspel,true
Ceciley,Thrush,true
Fidelio,Jonk,true
Otis,Sarre,true
Tessy,Corneljes,false
Nickolai,Turbitt,false
Elyn,Barabich,false
Raleigh,Riveles,false
Winston,McMurrugh,false
Allyson,MacSkeaghan,true
Lyndsey,Huitson,false
Guntar,Mattock,true
Stormy,Steddall,false
Fifi,Davall,false
Ike,Attenbrough,false
Skippie,Vankeev,true
Lexis,Jost,false
Christian,Mell,false
Everard,Knottley,false
Buckie,Negal,true
Karleen,Asplin,true
Bernadine,Dowthwaite,false
Iggie,Scorah,true
Sterne,Woakes,false
Alaster,Garvan,true
Scarlett,Apperley,false
Bethanne,Salazar,false
Farra,Baumer,true
Sanders,Imlaw,true
Blair,Abbado,false
Aube,Fitzer,false
Thomasine,Lyst,true
Allie,Bilton,false
Nathanael,Edowes,true
Wynn,Zanneli,true
Chandal,Sherme,true
Nat,Smye,true
Susan,Bosenworth,true
Clemmy,Kermott,true
Mavis,Nolli,true
Darrin,Towe,false
Graehme,McFadin,true
Noah,Lethbury,true
Clo,D'Alessio,false
Matias,McCrossan,false
Austina,Fick,false
Bobbee,Hollingdale,false
Jaime,Murthwaite,true
Dayna,Schimmang,true
Darcey,Parkhouse,true
Creigh,O'Cahsedy,false
Tonnie,Essery,false
Joshuah,Cersey,false
Stavro,Belchem,true
Kort,Curman,false
Humphrey,Wakeman,false
Peri,Longstaff,true
Donia,Dunbabin,true
Ev,Locock,false
Chester,Dorney,true
Garnette,Roj,false
Kristen,Kisby,false
Peg,Drioli,true
Clevey,Zuanelli,true
Celestia,Takkos,true
Cybil,Gill,false
Bryn,Mordaunt,false
Christos,McCallister,true
Lucia,Balden,true
Valentino,Pales,true
Chrissy,Anthiftle,true
Karl,Norwood,true
Dollie,Pendrich,false
Alfons,Mosten,false
Michal,Edgin,true
Janeczka,Corcoran,false
Richmound,Eggleson,true
Clayton,Stickles,false
Francis,Lapworth,true
Frannie,Abramov,false
Madelaine,Stirgess,false
Jenilee,Maguire,false
Rourke,Goodbody,true
Gwyn,Yeaman,false
Galvin,Georg,false
Osborn,Ranaghan,false
Gwenora,Rymell,true
Allyce,Bonass,true
Pat,Bontein,true
Timoteo,Molloy,false
Agosto,Follitt,false
Dominique,Challace,true
Aileen,Wolstenholme,false
Ernest,Earles,false
Noella,Verdey,true
Jordan,Lindeman,true
Fedora,Giacometti,true
Lin,Juszczyk,true
Georgetta,Meineken,true
Sigismund,Gallaher,false
Constancy,Sloss,false
Koenraad,Dorbin,false
Rivalee,Degnen,true
Zerk,Heyns,false
Mia,Kelsow,false
Christan,Wheelwright,false
Fitzgerald,Caze,false
Loretta,Bilovsky,false
Elianore,Padefield,true
Stillman,Whitelaw,true
Honey,Mulrean,false
Leanora,Alliot,true
Simonette,Malpas,false
Galven,Zum Felde,true
Marina,Geggie,false
Cullen,Presnell,true
Melony,Matys,true
Catlin,Kondrachenko,false
Brion,Addess,false
Alfi,Loosely,true
Dex,Atteridge,false
Pren,Solomonides,true
Bennie,Gawke,true
Lucian,Wallege,false
Janeen,Remon,false
Valentino,Petroselli,true
Lefty,Labes,false
Nester,Leggin,true
Jessalin,McGrorty,true
Marissa,Astlett,true
Fidelia,oldey,false
Roxine,Girard,true
Sidney,Livens,false
Berny,Grushin,false
Ruperta,Muris,false
Olivia,McTavy,true
Ilyssa,Habbergham,false
Mariele,Weare,false
Berenice,Abramovitch,false
Regen,Bamb,true
Danie,Tweede,true
Sibeal,Mardee,true
Wanda,Becke,true
Gaby,Seide,true
Betsey,Izsak,false
Itch,Pinchback,true
Hetty,Bauldrey,true
Gordon,Efford,true
Janek,O'Lochan,true
Baird,Teague,true
Diahann,Silcox,true
Binni,Maith,true
Carmine,Fozard,true
Hillary,O'Mailey,false
Welsh,Blasing,false
Oran,Trengrove,true
Lissa,McMylor,true
Coreen,Kaman,false
Clevey,Branscombe,false
Ber,Swayton,false
Marya,Larrie,false
Rickert,Evert,true
Mureil,Akett,true
Rodd,Roath,true
Chan,Tellenbrok,false
Friedrich,Shakesbye,true
Katherina,Hubbucks,true
Raine,Brandt,false
Bird,Culpan,false
Pete,Eckery,true
Birgit,Seear,false
Chloette,Calbaithe,false
Abagael,Dumberell,false
Delano,Gooderridge,false
Natalina,Edgeler,false
Reinwald,Duigan,false
Mildrid,Davidde,false
Augy,Kaliszewski,false
Falkner,Duerden,true
Coralie,Lidell,false
Angela,Le Fevre,true
Nicolina,Canepe,true
Lorry,Curner,false
Ado,Spenclay,false
Bradney,Somerled,false
Tiffani,Biffin,false
Antone,MacAdam,false
Joachim,Seefus,false
Holly,Oldroyd,true
Mickey,Cartledge,true
Bing,Ballinger,false
Aguistin,Durrand,false
Even,Ashfull,true
Rosene,Maplesden,false
Celinka,Gumme,false
Arnoldo,Sleaford,false
Reilly,Worg,true
Gwenni,Mellodey,false
Sonni,Snufflebottom,true
Maynord,Pontefract,false
Alexandrina,End,true
Salem,Castagnone,false
Stefa,Bladder,true
Cahra,Reihill,false
Britte,Mavin,true
Levi,Enderlein,true
Warner,Aldhous,true
Kippy,Absalom,false
Merill,Watkiss,true
Wallie,Peeke,true
Guendolen,Ambroisin,true
Kala,Leyman,true
Babbette,Metschke,true
Martyn,Tatnell,false
Olva,Hayford,true
Lindsay,Jandourek,true
Manolo,Duckitt,true
Mathilda,Dach,false
Harriet,Rudolph,false
Vi,Merton,true
Lowe,Goodisson,false
Ruthann,Lukehurst,true
Maurise,Local,true
Branden,Kadwallider,false
Peter,Josuweit,false
Mavis,Zorn,false
Aleksandr,Dwelley,true
Lucina,Wordley,true
Bendix,Mathelin,true
Erl,Izakoff,false
Filmore,Sheerman,false
Morley,Bertolin,false
Pacorro,Sennett,false
Alyse,Korneichik,true
Crosby,Pohlak,true
Artair,von Nassau,true
Val,Sayle,true
Yalonda,Layfield,true
Joey,Vain,false
Lorie,Siaspinski,false
Marietta,Angelo,false
Amii,Barnbrook,true
Agna,Albrighton,false
Dane,MacNeilage,true
Juli,Berisford,true
Sapphire,Gutch,false
Trescha,Dent,false
Emlen,Emblen,false
Hilliard,Durtnall,false
Joseito,Rothwell,true
Ella,Hynard,true
Page,De Coursey,false
Ermanno,Kenaway,false
Muire,Edel,true
Sophey,Werner,true
Elsi,Bunn,false
Alberik,Matyashev,true
Jeanie,Josselsohn,true
Kaylee,Minter,false
Malinda,Quaintance,true
Shawna,Duxbury,true
Zsa zsa,Wilhelmy,true
Layla,Mieville,true
Vere,Mathiot,true
Annaliese,Humphries,true
Papageno,Chantrell,false
Bettina,Crews,false
Raven,Aves,true
Kate,Crickmoor,false
Julie,Dobbings,true
Quinlan,Lafflina,true
Northrup,Margiotta,false
Geralda,Ockland,true
Rana,L'argent,true
Filmer,Schouthede,true
Alexi,Terbeek,true
Brena,Litzmann,true
Moise,Garbutt,false
Jo,Lauga,false
Shawn,Cottingham,false
Danny,Mitchel,true
Retha,Milnthorpe,false
Raven,Waring,false
Adolphe,McWhinnie,false
Emmanuel,Pawlyn,false
Rhiamon,Stolz,false
Bastian,Pleasance,true
Shelby,Wheatland,true
Nils,Potteril,false
Jennilee,Capini,true
Nil,Precious,false
Barney,Catterson,false
Paolina,Cordner,false
Donny,Tunn,false
Marie-ann,Burd,true
Hunfredo,Debney,false
Arlie,Teodoro,false
Randy,Bodell,false
Shirleen,Upjohn,false
Saidee,Lewerenz,true
Jimmie,Spare,true
Field,Astley,false
Karlan,Linkleter,false
Darsey,Bentham3,true
Lanny,Aleksandrikin,true
Deb,Sam,false
Perry,Baldwin,false
Giavani,Rutty,true
Ag,Surmeyers,true
Wendie,Gerrad,true
Ardra,Newsham,false
Leena,Skellion,true
Hoyt,Jimmes,false
Margalo,Daily,false
Hedvig,Geake,false
Cornela,Morando,true
Salaidh,Herety,true
Krysta,Sizzey,false
Eddie,Littleproud,false
Travis,Colenutt,true
Dottie,Isaksson,false
Hazel,Abazi,true
Rochella,Pittford,false
Bette,Godly,false
Ardisj,Batrick,true
Douglass,Strode,true
Bord,Cotillard,true
Georgena,Kenny,true
Hannie,Revening,true
Jonathon,Ethelstone,true
Tibold,Janew,false
Roddie,Skynner,true
Janos,Ouldcott,true
Alfonse,Tale,false
Cirstoforo,Spittal,false
Heidie,Goldwater,false
Eleonora,Stolle,true
Ninnetta,Shirley,false
Rorie,Warsop,false
Rudiger,Di Matteo,false
Bryan,Glencross,true
Tildie,Petrushka,false
Nealon,Steljes,false
Ekaterina,Casoni,true
Trev,Piris,true
Hermia,Nertney,false
Dorelle,Noads,true
Ingaberg,Aisbett,false
Sherlocke,Klejna,false
Gertie,Primo,false
Tedra,Picken,true
Brian,Cripwell,false
Morgen,Glusby,false
Marlon,Meredyth,true
Darrin,Grzelczak,true
Esteban,Friary,true
Myrle,Nudds,true
Korella,Kohrs,false
Alexina,Guerre,false
Alford,Tedder,false
Ariella,Gilbank,true
Saunders,Scrowston,true
Cathrin,Antat,false
La verne,Saundercock,true
Chery,Dack,true
Schuyler,Shearsby,false
Darnell,Blaver,false
Kathlin,Gilford,true
Eddie,Parcells,true
Shawnee,Mapson,false
Drake,Cleeve,true
Gale,Kift,true
Pris,Roselli,true
Nickey,Beagin,true
Purcell,Blackman,true
Ferdinand,Mordey,true
Josephina,Conyers,false
Donetta,Hovenden,false
Raymund,Postle,false
Hermia,Dekeyser,true
Carolan,Maunders,true
Eran,Hattersley,true
Goddart,Lonie,true
Thomasin,Corragan,false
Pall,Swalwell,true
Reuven,Ironside,true
Callida,Gamlin,true
Egbert,Durtnel,false
Natasha,Weale,true
Hugues,Quartermain,false
Luz,Sexcey,true
Felike,Janny,true
Ilyse,Mozzetti,true
Magdalena,Bernhard,false
Constancia,Georgel,true
Leonanie,Sommerled,true
Madel,Linnell,false
Emlen,Itchingham,true
Berti,Brinsford,false
Claus,Sutch,true
Fiona,Hebbes,false
Christiana,Phethean,true
Rodina,Attwell,false
Nicole,Ambridge,false
Karney,Meeny,false
Lonny,Samwayes,true
Mordecai,Janecek,true
Westley,Fotitt,false
Zara,Romaine,false
Marsiella,Tossell,true
Iain,Kryska,false
Olag,Lamers,false
Lynnell,D'Alwis,true
Dina,Decort,true
Rosamond,Dowe,true
Ervin,Trattles,false
Dorise,Cawthery,true
Ives,Poile,false
Minne,Christofle,true
Teresa,Weavers,false
Haley,Philpault,false
Kellsie,Whatsize,true
Pail,Dureden,false
Hirsch,Filimore,false
Thedric,Jeyness,true
Penny,Barten,true
Sadie,McLane,true
Wyatt,Brendish,true
Zachery,Crisford,false
Dayle,Diggles,false
Deina,Marquot,false
Daron,Carlsson,false
Randolf,Haggeth,true
Tommy,Wrotchford,true
Roze,Pierro,false
Bertina,Iannetti,true
Benjy,Moggach,true
Deb,Pickrill,false
Margarete,Sharpling,false
Maison,Attenbrow,false
Sasha,Farnill,false
Ivonne,Neave,false
Tomaso,Dispencer,true
Gennie,Abotson,false
Brant,McAreavey,true
Mischa,Dudenie,true
Paulo,Feldmark,true
Jackson,Batcheldor,false
Marcelia,Cheyenne,false
Nate,Robart,true
Elle,Stollenbecker,true
Caroljean,MacFadin,false
Farand,Hillborne,true
Hynda,Kruschov,false
Erminie,Ramel,true
Armin,Stellman,false
Skell,Penny,true
Brooke,Messier,false
Martainn,Pindar,false
Nadya,MacCleay,true
Bartie,Allmann,true
Charyl,Yurinov,false
Micki,Gaskarth,false
Brenden,Andres,true
